Age,Income,Purchases,Membership,Recency,Churn
69,58138.0,1617,VIP,58,0
72,46344.0,27,New,38,0
61,71613.0,776,Regular,26,0
42,26646.0,53,New,26,0
45,58293.0,422,New,94,1
59,62513.0,716,Regular,16,0
55,55635.0,590,VIP,34,1
41,33454.0,169,Loyal,32,1
52,30351.0,46,Loyal,19,0
76,5648.0,49,New,68,0
43,51381.5,19,Regular,11,0
50,7500.0,61,VIP,59,1
67,63033.0,1102,Regular,82,0
74,59354.0,310,Regular,53,0
39,17323.0,46,VIP,38,0
80,82800.0,1315,VIP,23,1
46,41850.0,96,VIP,51,0
80,37760.0,317,VIP,20,1
77,76995.0,1782,Loyal,91,1
41,33812.0,133,VIP,86,0
44,37040.0,316,VIP,41,1
47,2447.0,1730,VIP,42,1
77,58607.0,972,VIP,63,1
72,65324.0,544,New,0,0
75,40689.0,444,Loyal,69,1
57,18589.0,75,VIP,89,1
50,53359.0,257,Loyal,4,0
40,51381.5,637,Loyal,19,0
37,38360.0,131,Loyal,26,1
61,84618.0,1672,Regular,96,0
37,10979.0,30,New,34,0
63,38620.0,318,Loyal,56,0
56,40548.0,120,VIP,31,1
74,46610.0,302,VIP,8,0
80,68657.0,1196,Loyal,4,0
75,49389.0,65,Regular,55,1
56,67353.0,913,New,37,0
50,23718.0,81,Regular,76,1
53,42429.0,67,New,99,1
83,48948.0,902,Loyal,53,0
46,80011.0,1395,Loyal,3,1
41,20559.0,53,Loyal,88,1
69,21994.0,22,VIP,4,0
67,51381.5,186,Regular,80,1
51,7500.0,31,Regular,19,0
50,79941.0,984,New,72,1
30,7500.0,122,VIP,24,1
58,41728.0,55,Loyal,92,1
75,51381.5,124,New,96,1
72,72550.0,1319,VIP,39,1
69,65486.0,507,New,29,0
62,79143.0,1693,VIP,2,0
49,35790.0,72,VIP,54,1
49,82582.0,1617,New,54,0
48,66373.0,606,Loyal,57,0
71,82384.0,1957,VIP,55,0
60,70287.0,1093,Loyal,30,0
38,27938.0,29,New,31,1
44,51381.5,46,Loyal,57,1
58,55954.0,518,New,63,0
44,75777.0,1438,Loyal,12,0
51,66653.0,612,VIP,18,1
74,61823.0,884,Loyal,26,0
75,67680.0,606,Loyal,8,0
78,70666.0,1076,Regular,29,0
55,25721.0,34,Loyal,75,0
59,32474.0,11,New,0,0
47,88194.0,1274,New,19,0
68,69096.0,653,Regular,4,0
56,74854.0,1562,Loyal,90,0
72,66991.0,1253,VIP,1,1
53,51381.5,109,VIP,25,0
67,65031.0,863,Loyal,29,0
51,60631.0,661,Loyal,88,1
74,28332.0,65,New,58,0
49,40246.0,13,VIP,68,1
54,75251.0,1890,VIP,34,0
50,75825.0,2209,VIP,40,1
50,26326.0,18,Regular,12,1
61,56046.0,692,VIP,9,0
41,29760.0,165,VIP,87,1
57,26304.0,16,Loyal,5,0
53,23559.0,79,Loyal,87,0
63,38620.0,318,Loyal,56,1
39,81361.0,778,New,18,0
66,29440.0,56,Regular,95,1
56,36138.0,151,Regular,48,1
69,50388.0,372,New,3,0
53,79593.0,1366,New,70,0
59,54178.0,194,New,79,0
69,51381.5,603,VIP,4,0
69,51381.5,18,New,45,1
53,51381.5,985,Regular,87,0
54,42394.0,32,New,69,0
56,23626.0,43,New,84,0
43,30096.0,45,New,30,0
66,47916.0,606,VIP,72,1
54,51813.0,63,Loyal,37,0
75,78497.0,978,Regular,44,1
43,50150.0,410,Loyal,32,1
66,47823.0,72,Regular,0,0
67,34554.0,55,New,43,0
47,85693.0,1169,Loyal,59,0
81,65846.0,1120,Loyal,68,0
67,87195.0,1097,New,35,0
47,24594.0,29,Regular,94,1
62,49096.0,187,Regular,15,0
57,52413.0,910,Loyal,56,0
48,38557.0,145,VIP,17,1
66,89058.0,850,VIP,18,1
47,77298.0,969,Regular,46,0
35,68126.0,1820,VIP,40,0
63,57288.0,608,New,27,1
35,86037.0,730,VIP,95,1
46,43974.0,551,VIP,19,0
64,50785.0,114,Regular,27,1
56,90765.0,1724,New,25,0
48,36550.0,577,Loyal,74,0
59,30753.0,81,Regular,85,1
57,21918.0,33,Regular,37,1
73,56129.0,660,Loyal,65,0
59,32557.0,80,New,13,0
41,19510.0,30,Regular,63,1
50,30992.0,43,Loyal,83,0
43,101970.0,1135,Loyal,69,1
61,71488.0,559,Loyal,87,1
42,79607.0,1923,Loyal,37,0
73,54348.0,90,New,51,0
65,51381.5,404,Regular,23,1
70,77376.0,661,New,72,0
74,62998.0,463,Regular,10,0
68,61331.0,632,Loyal,42,1
57,73448.0,725,New,10,1
63,51381.5,725,Regular,96,0
62,41551.0,279,Regular,51,1
59,62981.0,1482,Loyal,21,1
50,9548.0,29,VIP,31,1
67,33762.0,106,Loyal,61,0
53,35860.0,49,New,37,0
61,36921.0,38,Regular,74,0
34,92859.0,2077,VIP,46,1
50,65104.0,1053,Regular,4,0
64,86111.0,1385,Loyal,73,0
52,68352.0,871,Regular,47,0
38,41883.0,312,Loyal,13,0
50,59809.0,877,VIP,36,1
51,23957.0,68,VIP,47,0
45,38547.0,22,Regular,49,1
53,35688.0,211,VIP,94,1
60,49605.0,127,New,65,1
73,59354.0,459,New,59,1
57,65747.0,460,New,96,1
54,46344.0,429,VIP,28,0
38,34176.0,89,New,12,1
74,61010.0,1021,VIP,57,0
77,69372.0,1381,Loyal,10,0
68,49967.0,306,Loyal,4,1
48,60199.0,18,Regular,49,0
49,55375.0,162,Regular,3,1
71,80317.0,1231,Regular,64,1
68,30523.0,13,Loyal,0,0
81,70356.0,1706,VIP,20,0
42,23228.0,121,New,91,1
51,74165.0,1293,Loyal,9,0
53,157243.0,1608,New,98,0
60,43482.0,88,Regular,83,1
73,62551.0,421,Regular,27,0
67,52332.0,259,Regular,63,0
38,66951.0,1117,Regular,46,1
69,26091.0,89,New,84,1
61,33456.0,36,New,58,0
44,28718.0,57,Regular,78,1
56,50447.0,148,New,4,1
67,53537.0,93,New,17,1
59,52074.0,119,New,77,1
51,80427.0,1835,VIP,56,0
78,83837.0,1318,VIP,79,1
56,38853.0,45,New,90,1
67,38285.0,10,New,96,1
75,78497.0,978,Regular,44,0
50,51650.0,191,New,81,1
38,16248.0,57,New,77,1
80,66835.0,1033,Regular,21,0
42,30477.0,66,New,16,0
65,28249.0,43,New,80,1
43,25271.0,50,VIP,45,1
56,32303.0,39,New,63,1
60,61286.0,608,Regular,34,1
50,74068.0,1581,Loyal,14,1
62,45759.0,68,Loyal,13,0
48,24882.0,80,VIP,52,1
37,66973.0,1282,Loyal,98,1
126,36640.0,65,Regular,99,1
38,38872.0,91,Loyal,93,0
53,51148.0,315,Loyal,38,0
49,31353.0,31,Regular,24,1
46,69661.0,834,New,80,1
72,80067.0,1600,Regular,82,0
72,86718.0,1270,Loyal,20,1
53,46854.0,263,New,81,1
74,69142.0,535,New,50,0
58,75922.0,1295,Regular,60,0
48,63693.0,1150,Regular,63,0
49,102160.0,1240,VIP,54,1
61,40637.0,38,Regular,72,1
42,18890.0,35,VIP,5,0
38,29604.0,53,Regular,88,1
63,48721.0,293,Loyal,50,0
60,44794.0,65,New,99,1
72,64497.0,1804,VIP,17,0
70,46097.0,241,Loyal,11,1
72,77972.0,1101,New,18,1
58,44377.0,264,VIP,70,1
52,46014.0,541,Loyal,21,0
41,70951.0,1198,Loyal,66,0
49,41443.0,482,New,79,1
48,52195.0,17,New,2,1
78,83790.0,1615,Regular,81,0
72,44551.0,285,Regular,24,0
46,69508.0,1135,VIP,48,0
38,45204.0,114,New,93,1
57,72460.0,1047,Regular,56,0
56,77622.0,714,New,3,0
46,30732.0,185,VIP,44,0
64,63887.0,1245,VIP,38,0
48,42011.0,189,Loyal,46,1
50,51369.0,576,VIP,84,1
74,51537.0,1103,VIP,27,1
54,79930.0,1753,VIP,72,0
40,34320.0,17,New,66,0
60,37070.0,433,Loyal,30,1
64,81975.0,1588,VIP,2,0
55,38590.0,22,Loyal,65,1
75,15033.0,19,New,37,0
61,62745.0,1117,Loyal,89,0
51,22212.0,69,Regular,49,1
44,23661.0,23,Regular,46,1
68,79761.0,605,Regular,32,0
53,7500.0,57,Regular,54,1
133,60182.0,22,New,23,0
58,73455.0,2088,Regular,98,0
68,64961.0,1009,VIP,97,1
55,22804.0,26,Regular,75,1
36,73687.0,1627,Regular,8,0
68,61074.0,1102,VIP,37,0
62,31686.0,17,New,31,1
54,80134.0,1690,Loyal,40,0
73,75027.0,1390,VIP,74,0
38,67546.0,2126,VIP,90,0
57,65176.0,1531,VIP,57,1
51,31160.0,64,Regular,59,0
41,29938.0,26,Regular,52,1
52,102692.0,1112,Loyal,5,1
68,26490.0,210,VIP,92,0
59,75702.0,1148,VIP,77,0
52,30899.0,33,VIP,35,1
65,63342.0,1101,VIP,48,1
62,45989.0,322,VIP,97,1
62,18701.0,44,Loyal,95,1
69,40737.0,17,Regular,24,1
47,15287.0,31,VIP,60,1
58,69674.0,845,Loyal,46,0
56,44159.0,275,New,85,0
48,37717.0,25,VIP,31,0
74,43776.0,275,Loyal,9,0
60,38179.0,90,Loyal,30,1
63,80124.0,1495,New,47,0
56,38097.0,184,VIP,70,0
56,72940.0,981,Loyal,13,0
56,22070.0,67,Regular,11,0
73,69267.0,1635,VIP,31,0
43,31788.0,60,New,15,0
51,61905.0,231,New,2,1
66,29315.0,48,New,55,0
63,33378.0,99,Loyal,38,0
63,66313.0,770,Regular,86,0
70,60714.0,957,Loyal,56,0
45,77882.0,818,New,29,1
40,69867.0,925,Loyal,30,1
58,63841.0,908,Loyal,64,0
45,24480.0,102,Loyal,46,0
50,51369.0,576,VIP,84,1
80,37760.0,317,VIP,20,1
52,65640.0,461,New,74,1
51,44319.0,37,New,18,0
52,30631.0,70,Regular,75,0
74,75278.0,930,Loyal,17,0
70,50898.0,859,VIP,88,1
60,79946.0,1478,New,19,0
77,35416.0,390,Loyal,62,1
42,32414.0,52,Loyal,11,0
57,38361.0,137,Regular,74,1
46,82497.0,1919,VIP,32,0
55,16626.0,68,New,76,0
61,29672.0,25,Loyal,6,0
74,55951.0,1374,VIP,62,1
38,35388.0,32,Loyal,20,0
40,42386.0,100,VIP,43,1
44,68627.0,825,VIP,45,1
61,57912.0,916,New,34,1
68,35246.0,62,New,53,1
70,58821.0,728,Regular,44,0
48,46377.0,90,New,89,1
38,39747.0,273,New,43,1
42,23976.0,66,Regular,68,0
65,80950.0,1213,Loyal,44,1
60,27038.0,107,VIP,64,0
79,77457.0,1157,New,85,1
62,64100.0,546,Regular,93,0
34,42670.0,241,Loyal,12,1
50,12571.0,53,New,86,1
59,22574.0,37,Regular,28,1
37,51381.5,1611,Loyal,69,1
50,70893.0,1508,Loyal,42,1
60,54198.0,235,Regular,13,0
70,28839.0,32,New,86,0
54,40321.0,102,Regular,59,0
41,66503.0,401,VIP,30,0
75,30833.0,28,Regular,33,1
56,51381.5,1052,Regular,67,1
55,64795.0,680,Loyal,23,1
52,34421.0,30,Loyal,81,1
61,47025.0,20,New,6,0
65,64325.0,1307,Loyal,41,0
73,40464.0,630,VIP,78,1
69,62187.0,1283,Loyal,49,1
50,14849.0,65,Loyal,39,0
42,27255.0,37,Regular,3,0
76,54432.0,38,Loyal,37,1
40,29999.0,160,Loyal,22,0
43,24072.0,23,Loyal,79,0
37,33996.0,71,Regular,46,1
70,66334.0,1161,Loyal,82,1
55,35178.0,59,VIP,10,0
43,22010.0,33,Loyal,51,0
66,62204.0,946,VIP,38,0
58,75693.0,1442,VIP,10,1
54,30675.0,62,VIP,14,0
61,83003.0,1674,Loyal,18,0
127,83532.0,1853,Regular,36,0
38,68655.0,1538,VIP,95,1
40,41411.0,139,Regular,11,0
57,55212.0,1182,VIP,65,0
76,59292.0,507,Loyal,71,0
53,27190.0,18,Regular,13,0
74,82623.0,940,Regular,58,0
61,44300.0,42,Loyal,65,1
56,84835.0,1190,New,0,0
55,30372.0,44,VIP,33,1
50,33181.0,16,New,90,1
69,71113.0,835,Regular,95,1
40,71952.0,1443,VIP,93,0
60,69759.0,1029,Regular,38,1
52,72099.0,1188,VIP,18,1
50,60000.0,1277,VIP,57,1
48,38643.0,49,Regular,45,1
71,50737.0,99,Loyal,61,0
57,68462.0,1670,VIP,6,0
83,65073.0,900,Regular,65,1
78,46681.0,425,Regular,52,1
69,78618.0,2153,VIP,87,1
57,62187.0,636,New,38,1
48,28442.0,57,New,53,1
48,37717.0,25,VIP,31,0
59,51479.0,494,VIP,67,1
57,54803.0,693,VIP,65,1
66,79530.0,1348,Loyal,64,1
50,31615.0,51,Loyal,82,1
64,72025.0,1932,VIP,27,0
51,52614.0,990,VIP,63,0
42,35684.0,30,New,66,1
51,48178.0,254,VIP,69,1
56,29548.0,29,Regular,52,1
60,63810.0,1371,VIP,45,1
54,38578.0,73,Loyal,2,1
51,46098.0,120,VIP,86,0
56,22585.0,81,Loyal,23,0
37,30279.0,37,VIP,13,0
65,66426.0,1377,Regular,14,0
57,30822.0,51,Loyal,92,1
57,33581.0,17,VIP,38,0
41,19986.0,22,Regular,74,0
72,27421.0,324,VIP,14,0
53,35688.0,211,VIP,94,1
45,36143.0,19,New,33,0
55,10245.0,41,Loyal,32,1
58,43795.0,492,Regular,11,0
66,63381.0,1005,VIP,78,0
77,38823.0,114,VIP,56,1
58,83664.0,1173,Loyal,57,1
47,90300.0,1738,New,7,0
47,62499.0,222,Regular,0,1
33,74293.0,1127,New,66,1
80,51012.0,209,Loyal,86,1
58,70777.0,787,New,80,0
35,68682.0,1598,Regular,56,1
55,43824.0,186,VIP,18,0
42,15345.0,47,VIP,51,0
39,23442.0,27,VIP,71,1
46,14515.0,96,VIP,71,1
70,31395.0,64,Loyal,80,1
61,75276.0,1040,VIP,2,1
52,42373.0,163,Regular,83,0
66,30507.0,343,Loyal,29,1
71,55521.0,446,Regular,11,0
61,48006.0,41,New,55,0
54,27213.0,70,VIP,19,0
55,65808.0,272,New,1,0
52,30351.0,46,Loyal,19,1
63,50437.0,490,VIP,28,1
44,23616.0,79,VIP,76,0
50,53858.0,915,VIP,50,0
71,66465.0,1485,Loyal,1,0
39,46923.0,369,VIP,90,0
64,75072.0,1073,Loyal,83,0
83,75865.0,1242,New,73,1
51,19789.0,78,Regular,24,1
32,80134.0,1378,New,11,0
45,91065.0,1474,Loyal,33,0
55,49505.0,751,Loyal,4,1
53,37401.0,48,New,14,0
43,30096.0,45,New,30,0
44,18492.0,10,New,75,1
52,82584.0,1435,Loyal,26,1
85,93027.0,2119,Loyal,77,1
73,48686.0,20,Regular,8,0
40,92910.0,1795,New,42,0
37,75433.0,1188,New,28,1
37,10404.0,43,New,52,1
58,61314.0,1008,Loyal,1,0
65,84865.0,1688,Loyal,1,0
37,42387.0,684,VIP,42,0
59,67309.0,1082,Loyal,76,0
62,75236.0,1068,Regular,27,1
56,30015.0,57,New,28,0
70,50943.0,46,Loyal,49,1
60,67272.0,733,Regular,12,0
77,51529.0,467,Regular,14,0
55,32011.0,122,Regular,89,1
40,7500.0,36,Loyal,96,0
37,28691.0,34,Loyal,56,1
78,56223.0,156,Regular,72,1
80,18100.0,14,Regular,14,1
37,30279.0,37,VIP,13,1
52,20130.0,34,New,99,1
67,23295.0,20,Regular,72,1
54,42618.0,192,Regular,92,1
62,81246.0,1379,Regular,87,1
50,24027.0,48,Loyal,7,0
73,55707.0,428,Regular,91,0
71,57959.0,868,Loyal,71,0
57,56796.0,1001,Loyal,24,1
55,36230.0,59,Regular,17,1
46,70829.0,431,Regular,87,0
50,65991.0,971,VIP,21,0
54,38988.0,348,VIP,90,1
60,89572.0,2059,VIP,44,0
42,42207.0,265,Loyal,71,0
74,50300.0,270,New,52,0
44,66664.0,1289,VIP,78,1
62,60597.0,893,New,2,0
77,70165.0,926,Regular,60,0
68,50520.0,135,New,25,0
63,80124.0,1495,New,47,0
51,33183.0,120,New,46,0
57,66582.0,1288,New,83,1
71,75261.0,1743,Loyal,17,1
56,31880.0,15,VIP,13,0
75,53790.0,542,New,86,0
55,49269.0,890,VIP,92,0
51,61456.0,1388,Loyal,47,1
46,37406.0,17,Regular,18,1
45,56937.0,906,VIP,81,0
48,38415.0,44,VIP,91,0
38,20518.0,25,New,58,0
70,62503.0,973,Loyal,40,0
54,41644.0,31,New,67,1
49,55842.0,518,New,19,0
54,62010.0,530,VIP,93,0
49,41124.0,506,VIP,41,0
53,38961.0,70,Regular,60,0
54,37760.0,54,Regular,54,1
52,32233.0,296,VIP,26,0
51,43057.0,266,Regular,30,0
66,83151.0,747,VIP,93,1
62,78825.0,895,VIP,35,1
50,65104.0,1053,Regular,4,0
52,60093.0,735,Loyal,92,1
57,14045.0,20,New,24,1
74,28457.0,205,VIP,96,1
68,78952.0,2092,VIP,11,0
50,46310.0,309,VIP,99,1
71,76005.0,1722,Loyal,72,1
62,58308.0,900,VIP,77,1
82,55614.0,682,Regular,85,0
64,59432.0,663,Loyal,88,1
48,55563.0,43,New,22,0
55,78642.0,1816,Loyal,83,0
77,67911.0,976,New,63,0
82,65275.0,746,Loyal,9,1
76,27203.0,64,VIP,92,1
65,48330.0,32,Regular,2,1
36,24279.0,263,VIP,6,0
41,64355.0,1445,VIP,66,0
70,50943.0,46,Loyal,49,1
73,53653.0,1210,VIP,29,1
50,65665.0,945,Regular,77,1
37,81217.0,1157,Regular,77,0
34,34935.0,137,Loyal,71,1
67,61250.0,730,VIP,49,0
45,39665.0,216,Loyal,97,1
47,60152.0,943,Loyal,6,0
62,48920.0,347,Regular,93,0
67,89120.0,1924,New,78,0
80,44124.0,397,Loyal,62,0
51,81169.0,2089,Loyal,47,1
65,36443.0,138,Loyal,9,1
36,26095.0,42,Loyal,77,0
67,71367.0,777,Regular,24,1
82,80184.0,1902,New,19,0
61,30630.0,52,New,67,1
39,73454.0,1651,New,95,1
35,42691.0,358,Regular,48,1
73,70503.0,1727,VIP,73,0
39,25545.0,210,VIP,35,1
40,32880.0,42,VIP,76,1
68,77863.0,1291,Regular,20,1
49,50353.0,442,New,72,0
62,61839.0,1895,VIP,20,0
66,49154.0,411,Regular,69,0
51,47682.0,521,Loyal,80,0
57,72679.0,1168,Regular,65,1
49,57954.0,493,New,52,0
64,65316.0,260,Loyal,65,0
44,28567.0,46,Loyal,57,0
75,47352.0,319,Loyal,70,0
59,44931.0,96,New,0,1
59,76982.0,1062,New,19,0
74,57247.0,232,Regular,50,1
45,22944.0,76,Regular,67,1
49,25315.0,54,Regular,46,0
57,43638.0,201,VIP,37,1
42,42710.0,406,VIP,38,0
44,84169.0,1919,Regular,9,0
50,54058.0,662,Loyal,56,0
36,24683.0,41,New,98,0
62,85620.0,1600,New,68,1
46,47850.0,134,Regular,72,1
58,19514.0,69,New,47,1
53,27159.0,21,New,33,1
63,39548.0,54,New,87,1
37,21474.0,91,New,0,0
55,60504.0,526,New,73,0
63,22419.0,162,Loyal,74,1
77,81698.0,1008,Regular,4,0
74,43462.0,240,VIP,50,0
48,54880.0,795,Loyal,57,1
44,79908.0,1772,Loyal,30,1
56,15315.0,64,Regular,27,0
67,87771.0,1957,Loyal,61,0
48,33039.0,78,Regular,4,0
46,81741.0,1572,Loyal,75,1
55,71499.0,795,Loyal,12,0
56,62466.0,889,New,13,0
63,48799.0,331,Regular,9,0
76,52157.0,265,New,48,0
64,66565.0,1065,VIP,80,0
75,29298.0,11,Regular,60,0
47,47691.0,21,Loyal,43,0
56,38200.0,17,VIP,19,0
52,44989.0,369,VIP,26,0
58,38443.0,38,New,58,1
48,38593.0,177,Regular,42,0
56,64413.0,279,Regular,27,1
45,36959.0,62,Regular,56,1
49,61996.0,1230,Loyal,27,0
58,51287.0,182,New,10,0
56,13260.0,49,Regular,48,0
60,47472.0,75,Regular,39,1
70,54603.0,227,Regular,85,1
52,45207.0,215,VIP,64,1
75,40689.0,444,Loyal,69,0
59,47821.0,47,Regular,54,0
75,27450.0,143,Loyal,57,0
43,39453.0,55,New,64,0
55,26850.0,63,New,10,0
71,79800.0,1867,VIP,65,0
65,61794.0,611,Regular,74,1
71,53863.0,473,New,4,0
67,24221.0,55,Regular,94,0
42,39684.0,81,VIP,41,0
51,92163.0,2086,VIP,25,0
61,69882.0,1478,Regular,94,0
49,33178.0,49,New,9,1
54,59973.0,382,Regular,47,1
51,17459.0,69,Regular,12,0
57,23910.0,67,VIP,80,0
57,42169.0,30,Regular,20,0
48,26224.0,63,Loyal,39,1
45,31089.0,79,VIP,57,1
65,30081.0,42,Loyal,27,0
66,62807.0,819,VIP,83,0
71,72906.0,1151,Regular,79,1
78,61467.0,594,VIP,69,0
60,49618.0,129,Loyal,77,1
40,21888.0,213,VIP,15,0
53,42429.0,67,New,99,0
70,26150.0,28,Loyal,61,1
51,30801.0,45,VIP,23,1
61,81168.0,1193,New,84,0
57,26877.0,268,Regular,74,1
82,45006.0,266,Regular,90,0
53,18978.0,37,VIP,41,0
59,22574.0,37,Regular,28,0
57,48240.0,882,VIP,73,0
52,45837.0,373,Regular,88,1
61,35791.0,35,Loyal,94,1
50,162397.0,107,Loyal,31,1
48,54162.0,42,Loyal,31,1
66,30522.0,326,VIP,6,0
65,54456.0,404,Regular,23,1
55,31632.0,95,Regular,92,0
77,72298.0,939,New,52,0
48,36975.0,33,Regular,50,0
71,72635.0,981,Loyal,54,1
50,13624.0,36,Loyal,93,1
51,84196.0,1237,Loyal,56,1
66,70971.0,1825,VIP,28,0
49,34487.0,103,VIP,94,1
49,28769.0,191,VIP,76,1
56,69084.0,1586,Regular,43,0
68,65488.0,963,New,46,0
56,62466.0,889,New,13,0
66,32218.0,93,New,27,1
53,83917.0,1587,Loyal,12,0
64,46102.0,16,New,3,0
74,84574.0,1375,Loyal,72,1
64,56181.0,393,VIP,6,0
76,63120.0,1477,VIP,53,1
55,73691.0,1179,Regular,58,0
66,63381.0,1005,VIP,78,0
78,76140.0,1348,New,57,1
67,62859.0,1307,VIP,37,0
62,45906.0,486,Loyal,20,0
79,77632.0,2252,Loyal,73,0
55,46463.0,235,Regular,56,1
56,105471.0,1724,Loyal,36,0
56,55282.0,235,Regular,9,1
49,78710.0,1092,New,42,1
68,66886.0,599,Regular,28,1
66,98777.0,2008,New,23,0
41,29103.0,48,VIP,38,0
52,67445.0,1174,VIP,63,0
76,50616.0,67,New,71,0
71,49431.0,365,VIP,9,1
51,153924.0,6,New,81,1
73,61278.0,165,New,87,1
68,26490.0,210,VIP,92,1
79,73059.0,1095,Regular,36,1
60,46734.0,223,Regular,86,1
63,56253.0,597,VIP,83,1
41,19986.0,22,Regular,74,1
51,58330.0,1064,Regular,87,1
46,25965.0,74,VIP,29,1
70,14661.0,26,VIP,88,0
67,18690.0,60,VIP,77,0
52,45068.0,20,Loyal,25,0
39,21063.0,59,Regular,34,1
58,29187.0,34,Loyal,43,1
55,54690.0,198,Regular,76,0
62,59304.0,1048,Regular,81,1
64,59247.0,574,Regular,87,1
56,66731.0,1029,VIP,33,1
46,77353.0,670,Regular,38,1
51,52614.0,990,VIP,63,1
52,26751.0,11,New,26,1
63,81300.0,1241,VIP,17,0
47,70337.0,576,New,75,1
41,36145.0,172,Loyal,13,1
46,65295.0,664,Regular,19,0
63,68118.0,928,Regular,51,1
59,68743.0,2074,VIP,81,1
44,41039.0,467,Regular,32,0
71,38946.0,257,Regular,84,1
59,65777.0,1146,Regular,87,1
50,66476.0,689,Loyal,99,1
54,86857.0,2114,VIP,96,1
44,160803.0,1717,VIP,21,0
37,77845.0,1346,New,40,0
57,69476.0,1044,Regular,3,1
66,50611.0,493,VIP,98,1
56,61209.0,957,Regular,73,1
68,42315.0,270,Regular,90,1
74,13084.0,29,Regular,29,0
77,47570.0,121,Loyal,3,1
65,61923.0,126,Regular,94,1
31,34824.0,23,New,65,1
77,26518.0,57,Loyal,33,0
65,45938.0,636,Regular,46,1
66,78468.0,1004,New,29,0
53,78901.0,734,Regular,99,1
48,71427.0,614,New,26,0
48,71022.0,1453,New,30,0
38,90247.0,1621,New,27,0
58,41335.0,187,Regular,24,0
40,71952.0,1443,VIP,93,0
56,35682.0,57,New,34,0
75,43185.0,637,Loyal,88,0
78,66375.0,948,Regular,96,1
55,35178.0,59,VIP,10,0
40,25252.0,18,Regular,26,0
61,55250.0,903,VIP,49,0
51,33249.0,112,Loyal,11,0
73,58398.0,596,Loyal,44,1
44,50272.0,233,Regular,75,1
51,76618.0,1511,VIP,64,0
66,87305.0,1152,VIP,19,0
48,25851.0,48,Loyal,45,1
56,58710.0,1185,Loyal,77,1
68,45160.0,21,New,9,0
61,74806.0,965,VIP,1,0
72,59111.0,869,Loyal,90,0
42,18988.0,16,New,43,1
61,72190.0,1947,Loyal,79,1
50,7500.0,71,VIP,19,0
60,44794.0,65,New,99,0
71,80395.0,1380,Regular,62,1
50,75012.0,1027,New,41,1
61,56962.0,411,Regular,60,0
35,89891.0,836,Loyal,17,1
77,35946.0,11,Regular,24,0
73,53593.0,480,VIP,60,0
48,66373.0,606,Loyal,57,1
78,45072.0,284,Regular,74,0
53,89694.0,1472,Regular,22,1
77,72025.0,1677,New,46,0
53,67432.0,1335,Loyal,69,1
74,70545.0,334,New,29,0
37,17487.0,18,Loyal,37,1
57,62882.0,1338,VIP,26,0
73,64108.0,1099,Loyal,8,1
70,34941.0,97,Loyal,26,1
76,48767.0,63,New,79,1
48,38702.0,109,Regular,71,1
62,82224.0,902,New,83,0
74,83844.0,1574,Loyal,57,1
51,17003.0,38,Regular,37,0
31,71163.0,960,New,30,0
56,33697.0,28,Regular,34,0
72,63564.0,1215,New,0,1
54,83443.0,1497,New,89,1
68,51518.0,449,Regular,92,0
51,58330.0,1064,Regular,87,1
57,80952.0,1757,Loyal,20,1
47,75507.0,1440,New,56,0
48,63855.0,1006,Loyal,28,0
54,62220.0,1226,VIP,55,0
62,58512.0,1171,Regular,25,1
47,40662.0,92,Loyal,0,0
67,38829.0,99,New,86,1
45,35523.0,66,Regular,8,1
59,79146.0,564,New,33,0
38,78285.0,1427,Regular,13,1
48,31626.0,86,Loyal,12,1
74,75127.0,833,New,92,1
71,48726.0,242,Loyal,90,0
49,74985.0,1869,VIP,8,0
39,67430.0,1364,VIP,6,0
61,46891.0,183,Regular,91,0
70,62058.0,450,Loyal,52,1
47,72063.0,758,Loyal,3,0
75,78939.0,1507,Regular,57,1
61,42720.0,654,Loyal,9,1
54,33622.0,81,Loyal,22,0
69,6835.0,137,VIP,76,0
73,41452.0,16,Loyal,86,1
61,40760.0,93,Regular,64,1
68,74250.0,1158,New,90,1
71,51124.0,43,Regular,79,1
55,72258.0,1525,Regular,28,0
52,71466.0,1230,New,86,1
50,36283.0,29,New,42,1
56,20587.0,25,New,39,0
54,30467.0,24,New,8,1
54,31590.0,38,Loyal,40,1
40,20425.0,57,VIP,5,0
66,17144.0,47,New,96,1
58,42564.0,813,VIP,28,0
48,43783.0,629,New,22,0
50,40780.0,377,VIP,30,0
81,62847.0,1612,VIP,45,0
69,82017.0,729,VIP,58,1
76,16813.0,50,Regular,49,1
48,51267.0,270,Regular,37,1
65,46524.0,177,Loyal,70,1
64,45183.0,315,Loyal,33,0
72,70421.0,767,New,98,1
61,60161.0,1071,VIP,17,0
53,73926.0,1580,Loyal,54,0
58,19329.0,60,Regular,39,0
56,61872.0,573,Regular,81,1
70,46984.0,41,Loyal,71,1
75,34838.0,170,Loyal,62,1
82,82716.0,1167,Regular,8,0
68,48192.0,1526,Loyal,76,0
50,49681.0,458,Regular,66,1
55,56850.0,63,New,83,1
69,55267.0,405,Regular,28,0
54,59666.0,1027,Loyal,87,1
54,72504.0,1478,Loyal,43,1
45,26872.0,72,Regular,0,0
54,21359.0,48,Loyal,1,1
51,73170.0,726,New,1,0
71,52750.0,860,Loyal,72,1
40,91820.0,1497,Regular,72,1
56,65968.0,495,New,12,0
50,30772.0,20,New,89,0
72,22507.0,570,VIP,67,1
54,65685.0,769,New,54,0
48,25804.0,55,Regular,34,1
46,76412.0,1808,Loyal,15,0
54,22063.0,55,Regular,43,1
65,57091.0,577,New,0,0
63,22419.0,162,Loyal,74,1
67,87771.0,1957,Loyal,61,0
67,78353.0,1576,Loyal,51,1
72,93404.0,1616,Loyal,97,1
64,37859.0,36,VIP,75,1
68,80995.0,1482,Loyal,83,0
42,16529.0,22,New,23,0
50,55412.0,63,Regular,65,0
34,48789.0,680,VIP,94,1
59,56575.0,542,Loyal,42,1
46,25130.0,50,Regular,10,1
59,35441.0,39,Loyal,94,0
70,71391.0,1043,Loyal,50,0
54,49494.0,385,Loyal,46,0
46,81702.0,1633,VIP,98,1
46,45889.0,46,Loyal,42,0
49,56628.0,761,New,30,0
76,34026.0,76,Regular,11,1
52,40049.0,290,VIP,61,0
38,34176.0,89,New,12,0
45,19419.0,70,VIP,76,0
66,82504.0,1066,Regular,2,0
56,81205.0,2009,New,43,1
35,61618.0,1345,VIP,27,1
70,55284.0,764,VIP,60,0
63,49980.0,195,Regular,79,1
46,15072.0,53,Loyal,96,0
52,49166.0,368,Loyal,17,0
72,65324.0,544,New,0,0
69,82347.0,1853,VIP,38,0
60,30843.0,35,New,43,1
52,46374.0,446,New,1,1
47,60474.0,1180,Loyal,25,1
53,38576.0,41,New,2,0
41,55357.0,727,Loyal,66,1
60,37758.0,40,VIP,49,1
37,85710.0,1062,Loyal,5,0
57,23228.0,40,New,71,0
57,44602.0,292,New,35,1
39,7500.0,15,VIP,94,1
37,38683.0,341,VIP,80,0
51,49514.0,369,Regular,61,1
53,57906.0,401,Loyal,29,1
60,43456.0,393,Loyal,0,1
40,19485.0,10,Regular,80,1
48,53172.0,486,Loyal,54,1
47,30545.0,69,VIP,71,0
43,70123.0,1727,Regular,27,0
67,62450.0,995,New,61,0
50,21675.0,45,New,55,1
45,42395.0,182,New,35,0
48,61346.0,989,Regular,34,0
73,80812.0,1677,Regular,95,0
55,42835.0,595,Loyal,64,0
43,39922.0,156,Loyal,30,0
70,86424.0,1226,New,12,0
48,17117.0,128,Loyal,96,0
54,24762.0,86,New,16,0
51,35797.0,68,VIP,16,1
51,36627.0,16,Regular,78,1
45,51111.0,55,New,83,1
54,86857.0,2114,VIP,96,0
56,82072.0,2018,Loyal,67,1
73,46231.0,263,VIP,87,1
67,42243.0,55,Regular,34,0
64,51195.0,564,Loyal,46,0
48,68092.0,1281,Regular,7,0
53,31814.0,83,Loyal,73,1
61,51390.0,353,VIP,54,0
43,76630.0,1003,New,93,1
35,26868.0,14,New,52,1
83,48948.0,902,Loyal,53,1
54,55260.0,1139,VIP,81,1
70,64090.0,797,Regular,8,0
68,78331.0,1638,New,97,0
52,37087.0,401,Regular,50,1
40,21846.0,84,Regular,38,0
68,81320.0,928,Loyal,61,0
56,54137.0,203,Regular,46,1
59,66825.0,858,Regular,73,1
53,57100.0,409,Regular,19,1
57,58917.0,282,Loyal,10,0
49,85072.0,1423,New,94,1
65,86429.0,1449,Regular,10,1
55,45684.0,28,Regular,37,1
52,47889.0,67,New,94,1
40,45921.0,199,New,23,0
60,78420.0,1453,Loyal,75,1
34,75114.0,1253,Regular,40,0
63,52278.0,1198,Loyal,24,0
54,35641.0,178,Regular,11,0
32,95529.0,1990,VIP,29,0
72,62820.0,976,Loyal,51,0
66,73113.0,1001,Regular,86,0
44,84169.0,1919,Regular,9,0
72,42607.0,350,Regular,30,1
72,74637.0,1650,Loyal,73,1
71,46015.0,46,New,25,1
33,72354.0,1228,Loyal,67,0
57,39858.0,95,Loyal,67,0
78,34469.0,62,New,58,1
40,83033.0,1761,New,82,0
47,24401.0,467,VIP,98,1
48,77583.0,1149,New,93,1
44,74116.0,2052,Regular,53,0
33,74293.0,1127,New,66,1
50,68397.0,1416,Regular,6,1
52,79632.0,1113,New,42,0
37,46107.0,125,New,78,0
75,64950.0,966,VIP,29,1
37,25443.0,32,VIP,82,0
74,75127.0,833,New,92,1
55,32892.0,46,New,78,1
55,71796.0,960,Regular,54,1
56,67536.0,1829,Loyal,45,0
55,55239.0,779,Regular,59,1
51,60554.0,811,Regular,8,0
74,64831.0,1120,Loyal,51,0
64,56067.0,725,Regular,51,0
43,82025.0,1187,Loyal,76,1
73,94384.0,2302,Loyal,62,0
40,14906.0,66,VIP,86,1
39,51563.0,1250,VIP,60,1
44,57937.0,683,New,56,1
47,68274.0,305,Regular,83,1
49,39771.0,50,Regular,92,0
51,67893.0,995,VIP,31,0
47,27922.0,41,New,80,1
50,52190.0,77,New,39,0
53,44051.0,171,Loyal,20,1
55,42767.0,131,Loyal,53,0
50,46106.0,54,New,84,1
50,16927.0,53,Loyal,50,0
61,59754.0,475,VIP,96,0
74,53700.0,694,VIP,94,1
53,59041.0,96,New,25,1
69,54237.0,361,Loyal,48,1
59,70647.0,1079,VIP,65,0
64,52597.0,578,New,69,1
57,41021.0,64,VIP,12,1
51,40233.0,149,Regular,84,1
46,50183.0,231,New,47,1
67,54753.0,728,Regular,87,1
53,92955.0,1778,Regular,35,0
53,33471.0,93,VIP,47,1
52,34596.0,23,Loyal,48,1
46,44010.0,662,VIP,46,0
38,84219.0,1198,New,27,0
58,40706.0,81,Loyal,37,1
38,15716.0,92,VIP,8,0
67,59052.0,491,Regular,29,1
55,80573.0,1564,VIP,85,0
64,83715.0,926,New,2,1
67,82576.0,1910,VIP,66,0
61,56962.0,411,Regular,60,0
74,35704.0,94,New,54,0
72,53103.0,1085,Regular,70,1
66,46779.0,23,Regular,55,1
61,4861.0,6,New,20,1
47,33462.0,54,Regular,78,1
48,63693.0,1150,Regular,63,0
76,80763.0,1415,Regular,17,0
52,65352.0,405,Regular,43,0
48,82170.0,1908,Regular,13,0
57,75759.0,2486,Regular,46,1
50,79689.0,1315,Loyal,65,1
70,35340.0,45,New,1,1
72,85683.0,1789,New,6,0
54,24884.0,19,VIP,32,0
45,42021.0,573,VIP,34,0
37,64449.0,805,New,70,1
72,64587.0,108,New,49,1
31,34824.0,23,New,65,1
48,75437.0,1493,Regular,25,0
69,26091.0,89,New,84,0
53,52845.0,936,Regular,7,0
70,46086.0,343,Regular,34,0
70,78028.0,528,VIP,38,1
39,95169.0,1901,Regular,1,0
45,56337.0,724,Loyal,25,1
39,22434.0,58,Loyal,25,1
72,36930.0,297,Loyal,50,1
72,36130.0,488,Loyal,46,0
73,65569.0,859,VIP,96,0
74,83844.0,1574,Loyal,57,1
58,19514.0,69,New,47,1
63,36736.0,17,Loyal,52,1
47,77568.0,2194,VIP,30,1
50,49187.0,116,New,63,0
48,30168.0,279,Loyal,51,1
58,34053.0,103,VIP,14,0
55,38196.0,44,New,20,1
75,59412.0,406,New,56,0
61,70924.0,1363,New,41,0
57,54165.0,236,Loyal,72,1
53,32300.0,39,VIP,1,0
50,20180.0,137,Loyal,27,0
53,34961.0,79,New,77,0
52,28440.0,63,Loyal,87,1
73,64504.0,1314,Loyal,81,0
60,33564.0,71,New,51,0
48,17345.0,58,VIP,79,0
59,56320.0,702,Loyal,11,0
48,28647.0,94,Regular,54,0
39,15038.0,80,Loyal,93,1
68,32173.0,22,Regular,0,0
62,68316.0,1211,VIP,54,0
55,74538.0,1461,Loyal,21,0
55,91700.0,1968,Loyal,58,0
57,68695.0,1091,New,3,0
49,31056.0,55,Loyal,99,0
53,79593.0,1366,New,70,1
46,28071.0,313,VIP,65,0
68,37334.0,62,New,44,0
54,46423.0,92,Regular,6,0
55,37126.0,72,New,9,0
73,47703.0,655,Loyal,95,1
67,61180.0,704,New,70,0
72,38998.0,54,VIP,92,1
35,8028.0,178,VIP,62,0
64,76081.0,1033,New,85,1
40,34728.0,36,Regular,2,0
61,33168.0,122,VIP,0,1
60,33585.0,122,Regular,91,1
66,77037.0,1123,Regular,3,0
42,35196.0,497,VIP,68,1
60,44529.0,691,Loyal,98,1
61,70924.0,1363,New,41,1
60,28764.0,12,New,16,0
77,69098.0,2440,Loyal,82,0
56,25959.0,56,Loyal,1,0
43,27100.0,37,Loyal,64,0
41,70596.0,968,VIP,68,1
52,42557.0,270,VIP,98,1
75,53312.0,278,Regular,32,0
74,72228.0,1250,VIP,87,0
39,67605.0,938,Loyal,84,1
77,62845.0,1178,VIP,3,0
68,65196.0,1155,Regular,34,1
39,42000.0,653,VIP,23,0
53,35860.0,49,New,37,1
62,65526.0,506,New,22,0
65,16860.0,38,VIP,19,0
34,83528.0,1650,New,7,0
61,64176.0,1826,VIP,52,1
70,22304.0,18,VIP,91,0
48,67023.0,906,New,93,1
55,32892.0,46,New,78,1
60,70713.0,1477,VIP,23,1
71,59925.0,766,VIP,83,1
73,39722.0,47,New,92,1
68,46610.0,467,Regular,4,0
65,88347.0,2116,Loyal,32,1
45,87171.0,1298,Loyal,27,1
50,26907.0,22,Regular,10,0
58,50014.0,396,New,9,0
48,41014.0,20,Loyal,65,0
61,66294.0,967,New,68,1
55,36715.0,357,VIP,16,0
70,79456.0,1401,VIP,12,1
44,40479.0,15,Regular,95,1
56,75345.0,2087,Loyal,16,0
49,54233.0,981,Loyal,46,0
56,24163.0,17,Regular,3,1
68,84460.0,523,VIP,80,1
43,43776.0,23,New,77,1
68,71691.0,1192,New,0,0
53,85844.0,1958,New,62,0
52,39190.0,133,New,91,1
67,71367.0,777,Regular,24,1
54,38578.0,73,Loyal,2,0
61,57236.0,121,New,22,0
47,61825.0,424,Regular,56,1
68,79803.0,868,New,54,1
40,80910.0,756,VIP,71,1
44,27590.0,12,Loyal,38,0
47,56775.0,937,VIP,62,1
51,83829.0,1862,Regular,78,1
47,54210.0,367,Loyal,18,0
40,38508.0,443,Regular,95,1
56,53187.0,267,Regular,66,0
54,30023.0,61,New,28,1
66,76045.0,1323,Regular,78,1
74,50870.0,63,New,13,0
56,15315.0,64,Regular,27,1
52,65463.0,562,New,17,0
61,66480.0,312,New,71,1
72,76773.0,1156,Loyal,79,1
43,81698.0,1104,Loyal,1,0
53,54466.0,16,New,78,1
66,98777.0,2008,New,23,0
42,16269.0,44,Regular,75,1
55,71819.0,1574,Regular,70,0
43,33569.0,63,Regular,10,1
43,36262.0,426,Regular,24,0
60,22634.0,96,Loyal,47,0
48,47025.0,635,Regular,98,0
58,70566.0,757,Regular,4,1
47,31605.0,125,VIP,15,1
53,52034.0,332,Loyal,67,0
47,48526.0,135,Regular,32,0
72,46734.0,330,VIP,40,1
64,39552.0,384,VIP,54,1
60,86358.0,1722,VIP,78,1
49,46931.0,78,New,94,0
41,16581.0,24,VIP,51,1
74,63998.0,1168,Regular,42,1
75,67381.0,957,VIP,67,0
59,25930.0,15,Regular,87,1
48,42693.0,57,New,29,0
50,85606.0,1956,VIP,89,1
41,72903.0,2013,Regular,74,1
52,49669.0,326,New,97,1
58,36778.0,77,VIP,63,1
64,85696.0,1313,Loyal,88,1
37,10979.0,30,New,34,0
65,49678.0,315,Loyal,81,0
73,56129.0,660,Loyal,65,0
37,37155.0,74,Loyal,51,1
48,21282.0,46,New,76,1
64,33419.0,86,Regular,76,1
81,63285.0,1103,Regular,84,1
52,21255.0,61,New,56,1
45,42162.0,145,Regular,31,0
70,54450.0,684,VIP,0,1
72,57744.0,411,Regular,91,1
40,26576.0,27,VIP,40,1
83,57513.0,1060,Loyal,59,0
62,68142.0,1459,VIP,96,1
47,7500.0,18,VIP,61,0
52,83145.0,1833,VIP,14,0
66,54197.0,237,New,16,0
63,23091.0,48,New,98,0
50,46049.0,515,Regular,11,1
52,56715.0,1020,VIP,52,1
65,79410.0,1370,New,19,0
75,57304.0,1026,Loyal,61,1
61,44375.0,301,New,73,0
70,54450.0,684,VIP,0,0
61,59594.0,499,VIP,74,0
32,80685.0,1004,VIP,55,0
52,40344.0,218,Regular,48,1
54,62710.0,606,Loyal,53,1
58,48985.0,75,Loyal,13,0
58,35322.0,106,VIP,34,1
78,77142.0,990,Loyal,54,0
57,81657.0,1097,New,69,1
30,14421.0,16,New,81,1
52,20130.0,34,New,99,0
36,74214.0,1711,VIP,3,1
69,66726.0,438,New,61,0
47,23724.0,75,VIP,65,0
66,47353.0,225,Regular,93,0
74,33444.0,18,VIP,24,0
45,54386.0,470,Loyal,8,0
45,28510.0,91,Loyal,72,0
35,90638.0,2525,New,29,0
76,48070.0,504,VIP,33,0
69,43140.0,235,VIP,68,0
65,54959.0,1232,Loyal,55,1
68,15056.0,88,Loyal,76,1
55,26954.0,17,New,17,1
41,22327.0,24,Regular,94,1
61,44393.0,60,Regular,86,0
74,62000.0,1020,Regular,25,1
64,31497.0,155,VIP,22,0
52,45894.0,51,New,15,0
56,78579.0,1812,VIP,35,0
57,67369.0,1461,VIP,81,0
66,58401.0,96,New,55,0
74,62307.0,160,New,94,1
57,43641.0,139,Loyal,50,0
58,63841.0,908,Loyal,64,1
61,46891.0,183,Regular,91,0
57,70091.0,1161,Loyal,11,0
54,78075.0,988,New,72,1
65,59184.0,1072,VIP,6,1
49,54809.0,174,Regular,0,0
67,58113.0,758,Loyal,66,1
68,51412.0,195,New,42,0
47,15287.0,31,VIP,60,1
69,66636.0,1084,Regular,64,1
70,50965.0,685,Loyal,87,0
61,84618.0,1672,Regular,96,0
36,18351.0,43,Regular,1,0
69,40451.0,49,New,54,1
61,36317.0,133,Loyal,53,0
69,42213.0,363,Regular,96,1
71,65748.0,545,Loyal,58,0
54,77044.0,1065,Regular,12,0
57,74918.0,2047,Loyal,78,0
54,56721.0,296,VIP,64,1
51,42160.0,140,Loyal,26,1
61,61559.0,530,Regular,8,0
63,33629.0,152,VIP,49,1
35,68682.0,1598,Regular,56,0
63,34377.0,114,Loyal,55,1
40,8940.0,101,VIP,25,0
53,26228.0,25,Regular,50,0
69,77297.0,789,Loyal,84,1
45,40211.0,87,Regular,30,1
68,33438.0,90,Regular,81,1
67,75032.0,1215,Loyal,74,0
71,61284.0,811,Regular,76,0
40,22518.0,61,VIP,36,1
51,54730.0,405,Regular,64,0
71,38452.0,72,New,62,1
55,44421.0,189,Loyal,53,1
40,38197.0,40,Loyal,86,0
48,41986.0,63,New,15,1
43,28427.0,52,Loyal,67,1
50,37395.0,39,New,47,1
55,64722.0,805,New,47,1
70,55249.0,130,New,81,1
54,84906.0,1631,Regular,98,1
37,28691.0,34,Loyal,56,0
74,44213.0,152,Regular,48,1
42,25707.0,21,New,18,0
59,59062.0,71,Regular,74,1
64,76624.0,899,New,68,1
79,66000.0,711,New,36,0
48,27683.0,351,VIP,90,0
55,1730.0,8,New,65,1
34,7500.0,119,VIP,63,0
58,40521.0,21,Loyal,82,1
53,20427.0,10,New,63,1
51,65106.0,973,New,55,0
61,69969.0,1536,Regular,64,1
74,67433.0,992,Regular,51,1
59,77766.0,1529,Loyal,97,0
54,74716.0,860,Regular,92,1
63,68118.0,928,Regular,51,0
56,55158.0,418,VIP,72,1
71,62972.0,587,VIP,39,1
51,74190.0,641,New,49,0
50,39356.0,23,New,21,1
57,76653.0,2279,Regular,91,0
53,35860.0,49,New,37,0
43,90687.0,1779,Loyal,98,0
44,73450.0,1804,Regular,85,0
66,31454.0,48,Loyal,40,0
74,47139.0,83,New,2,0
51,83829.0,1862,Regular,78,0
63,53378.0,793,VIP,41,1
56,19656.0,84,Loyal,94,1
78,45579.0,183,Regular,10,1
68,85485.0,1383,New,73,1
82,55956.0,999,New,22,0
63,64191.0,825,Loyal,30,0
54,38808.0,246,VIP,21,0
60,57183.0,610,Loyal,51,1
58,23748.0,76,VIP,97,0
55,66303.0,1286,Loyal,56,1
51,37368.0,30,Regular,4,0
62,40800.0,99,VIP,77,1
48,71847.0,1192,VIP,95,1
51,46149.0,362,Regular,36,1
43,78687.0,2130,VIP,13,1
55,49118.0,1229,VIP,90,0
69,37633.0,38,VIP,49,0
75,39767.0,485,Regular,18,0
75,26997.0,434,VIP,89,1
56,33986.0,44,Loyal,43,1
54,57091.0,496,VIP,82,0
57,46831.0,78,Loyal,84,0
54,83151.0,2346,Loyal,80,1
55,52531.0,794,VIP,68,1
70,15759.0,17,Regular,12,0
55,22804.0,26,Regular,75,1
53,43050.0,76,New,10,1
49,42997.0,15,Regular,91,1
63,48918.0,62,New,21,0
72,60033.0,198,New,28,0
48,34043.0,49,Regular,97,0
60,57811.0,802,Loyal,49,0
80,78569.0,1736,New,14,0
48,7500.0,57,VIP,5,1
55,157733.0,59,Loyal,37,0
73,94384.0,2302,Loyal,62,1
41,23148.0,37,New,83,1
56,44267.0,310,Loyal,48,1
47,71626.0,1305,VIP,94,1
60,60894.0,832,Loyal,61,1
50,50200.0,401,Loyal,70,1
61,81051.0,1501,New,43,1
44,65169.0,1189,New,23,1
54,59868.0,1194,Regular,37,0
66,65695.0,656,New,50,1
70,64857.0,1540,VIP,78,0
61,45143.0,311,Regular,74,0
71,74805.0,820,Regular,14,0
37,59060.0,274,New,77,1
64,27238.0,57,Loyal,39,0
61,47009.0,448,Regular,89,1
53,46094.0,44,New,62,1
54,40321.0,102,Regular,59,1
42,37235.0,61,New,68,0
66,81843.0,1643,Loyal,13,0
68,46692.0,397,Loyal,37,1
58,77382.0,1121,New,36,1
49,37774.0,473,VIP,28,0
52,18393.0,50,New,2,1
64,72828.0,1678,Loyal,17,0
44,24711.0,58,New,86,0
51,45503.0,170,Regular,54,0
44,6560.0,373,Regular,2,0
81,71604.0,1196,Regular,3,0
47,27244.0,101,New,84,1
57,48752.0,316,VIP,8,0
64,71434.0,1400,Regular,4,0
78,90842.0,1424,Regular,57,1
48,88097.0,844,VIP,24,1
51,51948.0,311,Regular,51,1
44,71853.0,1149,Loyal,29,0
43,35876.0,129,New,13,0
74,40049.0,32,Regular,23,0
44,39660.0,299,VIP,36,1
64,50127.0,320,New,88,1
49,43263.0,441,VIP,2,0
77,62845.0,1178,VIP,3,1
36,18929.0,85,Loyal,15,0
44,24367.0,24,Loyal,58,0
51,33249.0,112,Loyal,11,0
67,26887.0,30,Loyal,27,1
43,50150.0,410,Loyal,32,1
50,62061.0,800,Regular,12,1
64,85696.0,1313,Loyal,88,0
70,76542.0,1483,Loyal,91,0
33,70515.0,1258,Regular,12,1
39,18227.0,28,VIP,21,0
61,69139.0,227,New,23,0
44,69109.0,1555,VIP,10,1
64,69627.0,861,Loyal,35,0
48,38136.0,103,Loyal,69,0
80,62159.0,634,New,68,1
63,80695.0,1918,Regular,85,1
55,33316.0,131,Regular,34,0
58,58554.0,586,VIP,55,0
34,17256.0,62,Regular,10,0
52,53034.0,447,Loyal,30,0
76,52203.0,939,VIP,36,0
49,59601.0,797,Regular,14,0
68,75154.0,1143,VIP,79,0
50,47025.0,415,Regular,52,1
53,37971.0,30,Regular,97,1
58,41335.0,187,Regular,24,0
68,67267.0,251,New,0,0
51,57338.0,237,New,96,1
66,50523.0,91,Regular,89,0
61,35791.0,35,Loyal,94,1
66,50611.0,493,VIP,98,1
57,56242.0,971,Loyal,72,1
66,48904.0,371,VIP,1,0
51,56243.0,396,Regular,26,0
41,21355.0,68,Regular,5,1
55,57420.0,322,Loyal,22,0
56,51381.5,317,Loyal,39,1
71,46390.0,222,New,56,0
70,54342.0,177,Loyal,74,1
68,51381.5,45,VIP,87,1
62,51381.5,21,New,49,0
53,20895.0,45,VIP,24,1
78,92344.0,1899,New,9,1
54,51381.5,42,New,17,0
50,26907.0,22,Regular,10,0
46,44964.0,41,VIP,35,1
47,75507.0,1440,New,56,1
54,53761.0,325,Regular,7,1
53,22682.0,95,Regular,51,1
54,38887.0,42,New,17,1
51,41658.0,72,VIP,30,0
54,29791.0,20,New,21,0
70,63915.0,789,Regular,2,0
52,39996.0,15,New,85,1
54,26759.0,59,New,65,1
58,63841.0,908,Loyal,64,1
57,51039.0,417,VIP,11,0
65,60544.0,289,VIP,92,1
54,65685.0,769,New,54,1
73,37716.0,188,New,4,0
69,36864.0,354,VIP,53,1
56,44511.0,727,VIP,39,0
59,36947.0,146,VIP,49,1
75,47352.0,319,Loyal,70,0
73,67087.0,794,Regular,40,0
76,57045.0,454,VIP,40,0
73,36957.0,152,VIP,43,0
49,69389.0,797,VIP,17,1
54,80134.0,1690,Loyal,40,0
57,43142.0,20,New,84,1
82,80589.0,1428,New,25,0
36,34412.0,209,Loyal,62,1
47,57537.0,545,Loyal,83,1
60,22634.0,96,Loyal,47,1
78,51315.0,222,New,45,1
54,36026.0,61,New,34,1
53,24639.0,44,New,3,0
54,34578.0,8,New,1,1
54,65704.0,817,Regular,18,1
60,63810.0,1371,VIP,45,0
57,54132.0,42,New,81,1
67,18690.0,60,VIP,77,0
56,28164.0,78,Loyal,23,0
52,34596.0,23,Loyal,48,1
54,43269.0,19,Regular,61,0
68,38741.0,61,New,60,1
54,31907.0,449,Loyal,75,1
43,27100.0,37,Loyal,64,1
53,31163.0,38,New,54,0
41,92533.0,1131,Regular,84,1
53,34853.0,34,Regular,75,1
59,70844.0,294,Regular,16,1
47,31086.0,48,Loyal,79,1
65,60544.0,289,VIP,92,1
40,20491.0,30,Loyal,16,0
62,42523.0,125,New,96,1
43,39922.0,156,Loyal,30,0
74,33402.0,70,Regular,60,0
77,36408.0,22,Regular,11,0
47,21645.0,65,VIP,75,0
78,78427.0,1930,VIP,36,1
80,82657.0,2283,Regular,71,0
68,51876.0,310,Regular,88,0
55,78041.0,1319,VIP,93,0
69,52852.0,879,VIP,93,0
44,70038.0,1244,Regular,54,1
53,69401.0,690,New,41,0
54,46053.0,209,Loyal,46,1
61,77343.0,1134,New,28,0
73,73892.0,1507,Regular,40,0
59,40304.0,57,Regular,82,1
61,32727.0,529,VIP,38,0
57,68695.0,1091,New,3,1
55,43300.0,180,VIP,87,1
54,26290.0,77,VIP,49,1
56,93790.0,2349,New,16,0
52,38410.0,534,VIP,65,0
76,64866.0,556,New,9,0
67,57957.0,637,Regular,24,0
71,46015.0,46,New,25,0
48,16531.0,44,New,43,0
40,28072.0,47,Loyal,10,1
63,49476.0,795,Loyal,29,0
73,50725.0,586,Loyal,45,1
74,83844.0,1574,Loyal,57,0
76,41145.0,13,New,20,1
56,67419.0,1471,Loyal,29,1
56,23162.0,65,Regular,82,1
49,34380.0,175,Loyal,68,0
60,34704.0,40,Loyal,65,1
57,94871.0,1078,VIP,99,1
68,65148.0,1115,VIP,9,0
72,39898.0,134,Loyal,20,0
70,64857.0,1540,VIP,78,1
56,59892.0,87,Regular,26,1
39,41020.0,217,Regular,68,1
65,57072.0,1034,New,79,1
47,60474.0,1180,Loyal,25,0
66,62807.0,819,VIP,83,0
45,19414.0,32,Regular,32,0
46,19107.0,46,Regular,49,1
50,75484.0,1159,VIP,50,0
50,70379.0,860,Loyal,84,1
56,79419.0,1631,New,96,0
80,64014.0,444,New,56,0
71,76998.0,1910,VIP,85,0
54,49854.0,380,Regular,63,0
55,60585.0,736,Loyal,17,0
76,42873.0,269,Loyal,11,0
38,87679.0,2524,Regular,62,0
48,57867.0,612,Regular,48,0
36,35765.0,75,Regular,86,1
67,65492.0,1045,New,73,0
49,32952.0,55,Regular,36,0
57,53374.0,1064,VIP,34,1
67,71706.0,1443,VIP,16,1
38,68487.0,1366,VIP,48,0
51,53253.0,436,Loyal,61,0
53,31163.0,38,New,54,1
49,42014.0,436,VIP,56,1
53,54108.0,747,VIP,74,0
71,49667.0,1396,VIP,35,1
52,63206.0,928,New,65,1
54,57136.0,642,Regular,48,1
51,46772.0,1048,VIP,88,1
55,78931.0,943,Regular,19,1
68,53977.0,907,Loyal,21,0
38,84219.0,1198,New,27,1
51,46098.0,120,VIP,86,1
61,73538.0,1658,VIP,92,1
40,79529.0,1638,New,1,0
49,20981.0,73,Loyal,14,1
46,51766.0,275,New,74,0
64,55759.0,854,VIP,84,1
48,33039.0,78,Regular,4,0
54,37787.0,106,Regular,50,1
56,27242.0,106,VIP,2,1
43,87188.0,1923,Loyal,73,0
55,69930.0,1662,Loyal,21,0
50,37697.0,84,New,82,0
53,37401.0,48,New,14,0
53,3502.0,5,Loyal,56,0
50,58597.0,733,VIP,20,1
78,82032.0,1234,New,54,1
68,28087.0,112,VIP,77,1
39,74004.0,1658,New,5,1
66,19740.0,55,Loyal,65,1
51,57036.0,1513,VIP,33,0
68,53083.0,271,Loyal,65,1
51,69283.0,904,New,41,0
51,46098.0,120,VIP,86,0
38,23331.0,103,VIP,92,1
38,23331.0,269,VIP,97,1
37,9255.0,22,Regular,91,1
67,67786.0,1156,Regular,0,1
55,71969.0,1086,VIP,59,1
59,59235.0,1128,VIP,4,0
37,31928.0,72,New,5,1
65,74881.0,964,Loyal,48,1
48,65819.0,1383,VIP,99,0
73,51411.0,18,Loyal,81,0
62,51983.0,793,VIP,95,0
40,42386.0,100,VIP,43,1
39,30390.0,80,Regular,5,0
63,30983.0,167,VIP,50,0
69,66033.0,677,Loyal,76,1
51,37284.0,23,Loyal,46,1
75,57530.0,92,Regular,68,0
61,76800.0,641,New,33,0
70,63943.0,1106,VIP,50,1
64,76081.0,1033,New,85,1
52,67445.0,1174,VIP,63,1
59,37054.0,25,Regular,89,1
64,47175.0,240,VIP,81,1
50,31859.0,20,Loyal,77,1
65,27215.0,102,Loyal,50,1
50,70179.0,1034,Regular,10,0
43,39922.0,156,Loyal,30,0
50,49681.0,458,Regular,66,0
38,24645.0,17,VIP,16,1
72,79865.0,792,New,12,0
41,44322.0,92,New,30,1
74,47958.0,407,Loyal,8,1
62,63972.0,1269,VIP,93,1
72,75315.0,841,New,14,0
76,55517.0,633,VIP,53,0
69,75283.0,1019,Loyal,26,0
80,82800.0,1315,VIP,23,0
72,38998.0,54,VIP,92,0
35,90638.0,2525,New,29,1
40,27161.0,52,Regular,41,1
49,42014.0,436,VIP,56,1
66,38201.0,268,Loyal,19,0
44,45203.0,147,New,4,0
79,81574.0,1798,New,89,1
34,34935.0,137,Loyal,71,0
50,60482.0,507,Loyal,81,0
70,34633.0,15,New,31,1
79,78093.0,1105,Regular,53,1
76,82460.0,974,Regular,78,1
60,45903.0,66,New,80,0
39,81361.0,778,New,18,1
53,35860.0,49,New,37,0
74,40442.0,169,VIP,52,1
61,61482.0,299,New,39,0
46,34968.0,221,Loyal,11,0
39,75794.0,1682,Regular,33,0
64,31497.0,155,VIP,22,0
71,74268.0,892,Loyal,83,0
38,13724.0,58,VIP,43,0
61,45143.0,311,Regular,74,1
59,52569.0,95,New,54,0
53,48432.0,424,VIP,3,1
66,17144.0,47,New,96,1
42,36108.0,339,Regular,68,1
55,76445.0,1410,VIP,2,0
51,36663.0,35,New,40,0
61,53843.0,562,Loyal,64,0
70,90226.0,2352,VIP,26,1
71,70638.0,1334,Loyal,69,0
66,44512.0,32,Regular,57,1
65,27116.0,41,New,78,1
63,54072.0,39,Regular,71,1
49,71855.0,1141,Loyal,59,0
36,51250.0,710,Loyal,28,0
53,60432.0,401,New,61,0
62,65526.0,506,New,22,0
38,68655.0,1538,VIP,95,1
48,12393.0,57,VIP,38,1
36,64509.0,1722,Regular,19,0
51,33955.0,270,Regular,92,1
49,31353.0,31,Regular,24,1
42,55434.0,882,Regular,21,1
43,28359.0,16,Regular,35,0
39,57100.0,311,New,9,0
61,69139.0,227,New,23,1
70,52973.0,1152,VIP,92,1
61,51717.0,122,Regular,55,0
55,18793.0,77,VIP,14,0
44,66664.0,1289,VIP,78,1
67,50664.0,561,Loyal,64,0
63,54414.0,211,Loyal,49,1
74,54549.0,233,New,8,1
55,47111.0,1092,VIP,35,0
63,41003.0,601,Loyal,11,0
44,19444.0,54,New,8,1
50,36301.0,78,Regular,53,0
79,73059.0,1095,Regular,36,0
57,42731.0,244,Regular,64,0
67,52854.0,116,New,43,0
48,22775.0,15,Loyal,40,0
78,46681.0,425,Regular,52,1
71,59821.0,734,Loyal,11,1
72,50002.0,638,Loyal,21,1
81,69755.0,894,Regular,23,0
57,44078.0,41,New,17,0
50,30560.0,31,Loyal,6,0
57,35924.0,34,New,56,1
62,64140.0,1750,Regular,71,1
45,56386.0,612,VIP,51,0
47,24594.0,29,Regular,94,1
45,75774.0,823,New,27,0
66,39228.0,20,Loyal,1,1
52,58494.0,396,Regular,56,0
45,58684.0,813,New,71,0
59,57136.0,1179,Loyal,18,1
76,56551.0,138,New,48,1
44,22448.0,55,New,86,1
65,82014.0,1511,VIP,48,0
63,34213.0,117,VIP,2,0
49,157146.0,1730,Loyal,13,0
79,25358.0,32,Regular,57,1
48,35544.0,67,New,77,0
72,36634.0,335,Loyal,0,1
72,62670.0,825,New,57,1
54,50334.0,694,Regular,24,0
45,72066.0,1792,New,55,0
68,50729.0,496,Loyal,62,0
58,34916.0,231,Loyal,89,1
50,64892.0,902,New,77,0
60,43602.0,68,New,45,1
37,33996.0,71,Regular,46,0
41,41473.0,76,Loyal,80,0
59,63246.0,772,Regular,60,0
67,36732.0,47,Regular,71,1
56,69084.0,1586,Regular,43,1
59,77766.0,1529,Loyal,97,1
41,37929.0,265,Regular,49,1
75,86610.0,1603,Regular,66,1
40,80141.0,2091,VIP,20,0
71,72635.0,981,Loyal,54,0
56,69016.0,1533,VIP,61,1
35,20193.0,82,VIP,18,0
51,27573.0,244,Loyal,45,1
47,15862.0,36,Loyal,26,1
50,49544.0,404,Loyal,0,1
46,33228.0,71,New,28,0
48,70440.0,1572,Regular,49,1
55,38232.0,122,New,84,1
71,22554.0,41,VIP,38,1
43,23536.0,10,New,53,0
74,49413.0,304,Regular,88,1
57,42231.0,37,New,99,1
46,78789.0,1754,VIP,12,0
58,56534.0,815,Regular,35,0
55,58350.0,1001,VIP,5,0
37,81217.0,1157,Regular,77,1
75,49090.0,688,Regular,45,1
39,61787.0,1319,Loyal,71,0
41,18169.0,21,Loyal,40,1
45,24336.0,31,VIP,82,1
36,18222.0,67,VIP,70,0
74,62335.0,708,Loyal,87,0
55,42033.0,25,VIP,95,0
43,86580.0,746,Loyal,72,0
69,41437.0,32,VIP,5,0
75,73705.0,1695,New,86,1
50,61064.0,1080,VIP,80,0
71,38452.0,72,New,62,1
37,18358.0,57,Regular,49,1
53,55012.0,660,New,85,0
53,9722.0,103,VIP,7,1
42,38175.0,153,Regular,6,1
70,58656.0,1220,VIP,25,1
61,52117.0,279,VIP,55,0
48,64813.0,745,New,81,1
53,54222.0,264,New,98,0
40,83512.0,2157,New,31,1
67,77520.0,1526,Regular,30,0
48,41154.0,69,Loyal,98,0
60,80398.0,1597,VIP,92,1
34,18746.0,64,New,41,1
42,35196.0,497,VIP,68,1
70,60230.0,1067,Loyal,78,0
49,22108.0,31,New,46,0
52,44392.0,211,Regular,71,0
50,55424.0,877,VIP,6,0
47,17688.0,11,VIP,82,0
43,92491.0,2034,Loyal,71,0
35,90273.0,1991,Regular,32,0
64,82571.0,1686,New,28,0
44,38513.0,324,New,20,0
47,16653.0,69,New,10,1
71,42586.0,252,VIP,7,0
61,23529.0,54,VIP,67,0
65,74881.0,964,Loyal,48,0
75,71107.0,1327,Loyal,61,1
62,46910.0,68,New,36,0
67,18690.0,60,VIP,77,1
71,37244.0,55,Loyal,90,1
60,82427.0,1456,New,35,0
68,75342.0,563,Loyal,38,0
72,70044.0,1504,Loyal,46,1
59,79146.0,564,New,33,0
63,77437.0,1125,Regular,70,1
67,54984.0,358,New,51,1
55,42403.0,42,Regular,18,0
62,55761.0,184,New,97,0
43,37292.0,460,Loyal,32,1
81,45576.0,145,New,9,0
79,70321.0,1376,Loyal,6,0
57,58086.0,792,Loyal,80,0
74,81795.0,1382,VIP,74,1
79,28389.0,28,VIP,49,0
80,66835.0,1033,Regular,21,0
57,69901.0,882,Loyal,95,1
77,80360.0,2231,Loyal,56,1
65,63342.0,1101,VIP,48,0
52,44989.0,369,VIP,26,1
46,31859.0,48,New,3,1
77,51569.0,467,Loyal,39,1
55,30372.0,44,VIP,33,0
47,16014.0,38,Loyal,42,0
58,41120.0,81,Regular,80,1
55,39763.0,167,Regular,9,0
71,38725.0,45,New,52,0
54,77981.0,664,Loyal,78,0
62,62905.0,622,Regular,68,1
47,13533.0,48,Loyal,45,0
51,59481.0,461,Regular,47,0
49,72117.0,1073,Regular,34,0
40,21955.0,55,Regular,81,1
70,67131.0,976,Loyal,72,1
46,36802.0,20,New,23,0
44,71853.0,1149,Loyal,29,0
65,28249.0,43,New,80,1
51,47808.0,224,Regular,30,1
52,25509.0,101,VIP,15,0
80,51012.0,209,Loyal,86,0
41,70596.0,968,VIP,68,1
74,85431.0,1165,Loyal,54,0
59,42664.0,24,New,44,1
71,42586.0,252,VIP,7,0
41,29760.0,165,VIP,87,0
49,28973.0,269,VIP,59,0
53,39435.0,102,Regular,16,0
42,65370.0,461,Regular,1,0
47,20194.0,47,VIP,64,0
50,42473.0,144,New,72,1
58,64590.0,1338,VIP,98,0
67,71232.0,917,Regular,91,0
55,34600.0,318,VIP,8,0
59,46904.0,253,VIP,20,1
53,49094.0,502,VIP,6,0
43,36075.0,119,Regular,54,1
47,60839.0,1250,VIP,72,1
47,77298.0,969,Regular,46,0
76,34026.0,76,Regular,11,0
63,48918.0,62,New,21,0
64,82122.0,1382,Regular,89,1
50,37697.0,84,New,82,1
74,34074.0,255,Regular,69,0
66,28520.0,43,Loyal,55,0
71,62535.0,398,Regular,13,1
49,36273.0,76,New,80,0
62,63404.0,902,New,97,1
45,75774.0,823,New,27,0
50,78416.0,1179,New,99,1
52,75702.0,1921,VIP,87,0
75,59385.0,185,Loyal,85,0
60,37070.0,433,Loyal,30,0
75,44689.0,34,New,82,1
68,53977.0,907,Loyal,21,0
60,7144.0,416,Regular,92,0
62,18701.0,44,Loyal,95,1
70,90369.0,1588,New,2,0
52,63159.0,1797,VIP,74,0
60,37758.0,40,VIP,49,0
63,46757.0,1143,VIP,71,1
57,79734.0,914,New,72,1
34,63207.0,1502,Loyal,68,0
72,72071.0,1338,Loyal,4,1
43,21840.0,27,Regular,80,0
44,58582.0,763,Regular,15,0
75,72282.0,1331,Regular,70,0
70,50387.0,525,Regular,91,1
65,32583.0,9,New,10,1
64,62568.0,953,New,99,0
55,44635.0,68,Regular,25,1
55,33316.0,131,Regular,34,0
58,63967.0,882,Regular,57,1
48,52513.0,1149,VIP,84,1
57,25293.0,37,Regular,51,1
61,54111.0,388,Regular,97,1
40,78394.0,1428,Loyal,13,0
68,80739.0,1633,Loyal,92,1
51,22669.0,173,Loyal,30,1
39,29236.0,99,Regular,30,1
67,44911.0,215,Loyal,11,0
64,54693.0,929,Loyal,72,1
52,48186.0,219,New,39,0
49,54809.0,174,Regular,0,0
48,41580.0,92,VIP,15,0
56,80336.0,1052,Regular,12,1
69,47743.0,275,Loyal,56,0
71,62972.0,587,VIP,39,1
72,57333.0,1662,VIP,55,1
44,32313.0,159,Loyal,60,0
73,84953.0,1024,Loyal,73,0
58,27071.0,35,New,90,1
69,68148.0,1042,Regular,86,1
61,65735.0,395,Regular,37,0
51,86836.0,557,VIP,7,1
63,4023.0,9,New,29,0
36,30093.0,69,Loyal,19,0
60,57705.0,486,New,14,0
38,25008.0,34,New,72,1
31,83257.0,1365,VIP,56,1
51,22280.0,13,Loyal,85,0
48,72159.0,1401,VIP,62,0
65,64260.0,1574,VIP,1,0
42,82733.0,1323,Regular,28,0
55,74290.0,1217,Regular,70,0
75,58217.0,103,VIP,84,1
50,21024.0,84,Loyal,89,0
54,70116.0,1536,Loyal,73,1
41,54006.0,581,VIP,42,1
60,69063.0,928,VIP,16,1
51,11448.0,14,Regular,16,1
47,61825.0,424,Regular,56,1
55,70886.0,960,Regular,65,1
44,69109.0,1555,VIP,10,0
53,60208.0,656,VIP,13,0
58,32889.0,55,Regular,78,0
42,34738.0,20,New,51,1
55,30538.0,367,VIP,27,1
49,82326.0,2257,New,30,1
59,26642.0,42,New,71,0
62,69932.0,1049,Loyal,97,0
54,44503.0,48,New,83,1
78,60200.0,685,VIP,3,1
74,49638.0,39,New,71,1
39,23830.0,43,New,3,1
67,33051.0,835,VIP,15,0
68,72905.0,1515,New,52,0
75,69702.0,1039,Loyal,8,0
51,70300.0,1596,Regular,89,1
42,70643.0,1828,VIP,66,1
57,30396.0,34,New,22,0
58,50616.0,149,New,56,1
57,62772.0,946,Loyal,74,1
41,30298.0,28,New,48,1
42,52413.0,450,VIP,67,1
69,44155.0,46,New,24,1
55,86979.0,1702,Regular,67,0
51,76532.0,820,Regular,38,1
44,42081.0,382,Loyal,86,1
38,67546.0,2126,VIP,90,0
37,88420.0,2069,New,87,0
41,31158.0,72,Loyal,62,0
58,61671.0,732,New,23,0
52,69719.0,801,New,99,1
77,49160.0,236,Regular,29,0
48,24882.0,80,VIP,52,1
72,90933.0,1685,New,90,0
81,113734.0,277,New,9,0
76,59292.0,507,Loyal,71,0
62,45759.0,68,Loyal,13,0
43,22148.0,49,New,16,1
39,73395.0,397,New,94,1
55,29819.0,39,Regular,77,0
58,45688.0,306,New,20,0
72,62820.0,976,Loyal,51,1
55,60491.0,1028,Regular,81,0
40,33235.0,70,New,71,1
67,35701.0,46,Loyal,36,1
46,31535.0,51,Regular,95,1
66,92556.0,1263,New,32,1
56,67384.0,1490,VIP,32,0
55,80573.0,1564,VIP,85,1
59,77870.0,1815,VIP,93,0
63,52278.0,1198,Loyal,24,1
58,57107.0,416,VIP,44,1
36,18929.0,85,Loyal,15,1
45,36038.0,47,Loyal,82,1
50,20180.0,137,Loyal,27,1
61,34230.0,21,VIP,72,1
49,31878.0,70,New,7,0
54,70932.0,909,New,57,1
70,91249.0,1676,VIP,84,1
83,77598.0,1735,Regular,53,1
67,80982.0,1191,VIP,48,0
49,22701.0,24,Regular,2,0
57,55212.0,1182,VIP,65,0
56,70617.0,1280,Loyal,45,1
69,64849.0,1336,VIP,42,1
61,62694.0,749,Loyal,29,0
52,61917.0,91,Regular,83,1
79,67472.0,414,Regular,93,1
44,21059.0,44,New,40,1
58,29543.0,63,New,47,1
75,75903.0,901,Loyal,50,1
51,34984.0,38,VIP,40,0
70,54998.0,455,Loyal,3,1
77,54356.0,775,VIP,62,0
67,34242.0,15,New,25,1
53,25410.0,38,Regular,48,1
42,73356.0,1512,New,56,0
76,28320.0,43,VIP,68,1
49,23763.0,42,VIP,64,0
42,72570.0,1089,New,67,0
50,34529.0,162,VIP,94,1
75,70792.0,1272,Loyal,82,0
44,63211.0,1173,VIP,3,1
52,83891.0,816,New,24,0
58,36065.0,74,Loyal,54,1
72,39898.0,134,Loyal,20,0
86,51141.0,157,Loyal,96,1
50,56939.0,561,Regular,19,0
75,80872.0,1336,New,60,0
50,72335.0,2092,VIP,2,0
62,61798.0,463,Regular,13,0
76,76842.0,1130,New,37,0
50,29478.0,20,New,59,0
70,46998.0,377,VIP,55,1
36,96843.0,1544,Loyal,60,1
76,56551.0,138,New,48,1
61,70053.0,1012,Loyal,38,1
64,71670.0,1766,Regular,8,0
48,44359.0,45,New,19,0
74,40887.0,161,Loyal,32,1
60,48877.0,144,New,27,0
79,74485.0,1734,Regular,58,1
54,64474.0,823,Regular,59,1
63,77226.0,1138,New,29,0
77,72643.0,1429,Loyal,60,0
48,85738.0,1371,New,41,0
60,55686.0,982,Loyal,27,0
43,39062.0,44,New,28,1
55,34600.0,318,VIP,8,0
51,40794.0,434,Loyal,18,1
55,54690.0,198,Regular,76,1
57,4428.0,359,Regular,0,0
63,32632.0,576,VIP,32,1
58,38236.0,88,Regular,2,1
47,36781.0,63,New,16,0
42,31385.0,27,VIP,56,0
42,24570.0,193,Loyal,97,1
52,25509.0,101,VIP,15,1
75,94642.0,2211,New,35,1
64,58646.0,140,Loyal,3,0
51,53201.0,415,Loyal,49,0
69,21994.0,22,VIP,4,1
48,57113.0,263,Loyal,45,0
35,51373.0,393,Loyal,37,1
40,23477.0,147,Regular,39,0
70,58116.0,443,New,38,1
63,72968.0,1958,Regular,8,0
55,39791.0,174,Loyal,89,1
79,91712.0,2217,Regular,47,0
68,94472.0,1691,New,75,1
66,13672.0,25,Loyal,86,1
46,96547.0,809,New,4,0
51,79205.0,895,VIP,73,0
51,56559.0,484,VIP,46,0
53,32644.0,413,Loyal,38,0
46,67506.0,331,New,73,0
56,24206.0,25,Loyal,66,1
59,28420.0,13,Regular,36,1
56,22979.0,115,VIP,29,1
60,33279.0,16,New,29,0
54,46423.0,92,Regular,6,0
49,30368.0,52,Regular,97,1
56,63684.0,1464,VIP,61,0
62,41638.0,441,Loyal,68,0
67,68805.0,283,Regular,73,1
60,65814.0,747,New,90,1
68,71964.0,1870,Loyal,81,1
40,39146.0,165,Loyal,1,1
49,96876.0,1941,Regular,79,1
45,34445.0,839,Loyal,92,0
68,68281.0,1655,VIP,31,0
51,37284.0,23,Loyal,46,0
43,36790.0,66,Loyal,14,1
59,27943.0,37,Loyal,89,0
75,22263.0,21,New,31,1
54,30261.0,22,VIP,75,1
48,28587.0,78,New,42,0
44,43815.0,79,Loyal,53,1
70,48195.0,265,New,53,1
74,77027.0,1175,New,23,0
61,71322.0,1305,Loyal,57,1
47,32765.0,46,New,49,0
61,29672.0,25,Loyal,6,1
73,23272.0,46,Regular,29,0
77,49912.0,874,VIP,5,0
41,7500.0,100,VIP,98,1
79,68117.0,930,Loyal,80,0
71,67225.0,868,Regular,4,1
50,17649.0,45,Regular,70,1
51,55914.0,1260,Loyal,32,1
42,40059.0,414,Regular,82,1
76,60905.0,392,Regular,27,1
49,75330.0,1109,VIP,94,1
75,60689.0,639,Loyal,23,0
42,38680.0,79,Loyal,97,1
44,61416.0,1665,Loyal,25,0
35,49767.0,692,Loyal,92,1
56,83273.0,1392,VIP,98,1
45,29009.0,44,Regular,19,0
47,45057.0,50,Regular,80,1
55,37150.0,467,VIP,80,0
56,43020.0,223,Regular,79,1
67,53154.0,158,New,50,0
53,65308.0,1211,Regular,60,0
56,76467.0,1575,VIP,44,0
79,81044.0,1208,Regular,0,0
75,32871.0,43,Loyal,28,0
51,55801.0,527,Regular,35,1
67,76320.0,932,New,49,1
71,36927.0,71,New,46,0
73,48794.0,54,New,97,1
61,23478.0,129,Loyal,51,1
53,71128.0,1615,VIP,80,0
50,70179.0,1034,Regular,10,0
76,59462.0,1088,VIP,29,0
57,51381.5,721,Loyal,52,0
57,38361.0,137,Regular,74,1
45,51381.5,47,Loyal,82,0
44,70038.0,1244,Regular,54,1
48,42554.0,41,VIP,93,1
52,67445.0,1174,VIP,63,1
75,67046.0,993,VIP,92,1
78,42192.0,100,Regular,40,0
74,77610.0,1680,VIP,70,0
42,31761.0,98,New,96,1
47,34350.0,48,Regular,81,1
77,54591.0,519,Regular,63,0
70,71866.0,715,Regular,85,1
57,25293.0,37,Regular,51,1
39,42000.0,653,VIP,23,1
43,69520.0,1455,Loyal,95,0
56,64713.0,602,New,11,0
49,27889.0,26,Loyal,42,0
66,22123.0,102,New,77,0
55,51381.5,97,Loyal,82,1
72,51381.5,207,Loyal,83,1
53,27803.0,176,VIP,40,0
71,51381.5,450,Regular,95,1
66,51651.0,433,VIP,32,0
38,68487.0,1366,VIP,48,0
83,51381.5,1564,Regular,75,0
57,56796.0,1001,Loyal,24,0
34,87000.0,961,VIP,61,0
67,79823.0,1518,New,6,0
46,30828.0,56,Regular,16,1
55,34109.0,22,Regular,39,1
52,53367.0,400,Regular,2,0
57,22390.0,26,Regular,49,0
50,71322.0,350,New,31,0
33,79244.0,1216,VIP,58,0
77,49912.0,874,VIP,5,0
76,48699.0,40,Loyal,90,1
51,80144.0,1367,Regular,47,1
70,54252.0,264,Loyal,25,0
50,81929.0,2053,VIP,60,0
51,76068.0,1376,VIP,67,1
50,53204.0,45,New,40,1
77,67911.0,976,New,63,0
42,14796.0,51,VIP,1,0
52,78128.0,1264,New,89,1
54,14188.0,75,Loyal,40,0
40,20425.0,57,VIP,5,0
64,58646.0,140,Loyal,3,0
56,72967.0,497,VIP,1,0
77,48150.0,266,Loyal,24,0
65,82332.0,2006,VIP,89,0
71,58275.0,615,Loyal,48,0
45,44953.0,1021,VIP,31,0
73,34587.0,22,New,68,1
52,43018.0,133,Regular,46,1
72,45736.0,437,Regular,92,1
57,66476.0,1013,Regular,80,1
45,27733.0,57,Regular,16,1
74,69805.0,1038,New,50,1
64,72217.0,1573,Loyal,93,0
55,25818.0,28,VIP,51,1
50,37509.0,123,VIP,24,0
50,25176.0,13,Regular,79,0
46,43586.0,132,VIP,26,0
70,53230.0,732,VIP,86,1
69,50116.0,66,New,68,0
54,84906.0,1631,Regular,98,0
60,61286.0,608,Regular,34,0
40,82333.0,1822,Loyal,60,0
61,65220.0,1282,VIP,3,0
52,33590.0,8,Regular,65,1
50,30992.0,43,Loyal,83,1
50,72309.0,1931,Loyal,64,0
77,156924.0,8,Regular,85,1
46,16005.0,103,VIP,69,0
69,65487.0,1169,New,48,1
61,58692.0,395,New,21,1
57,40590.0,258,Regular,30,0
56,20587.0,25,New,39,0
72,62637.0,185,New,76,1
60,29435.0,180,VIP,11,0
52,19346.0,22,New,26,0
55,35788.0,44,New,34,1
58,36997.0,94,Loyal,72,0
69,23539.0,81,New,13,1
53,65333.0,798,New,58,0
69,78499.0,1334,Regular,12,0
55,29732.0,38,New,23,1
66,41275.0,61,New,33,1
53,63516.0,300,Loyal,30,1
64,42769.0,88,Regular,15,0
68,49572.0,54,Regular,25,0
54,69209.0,1782,VIP,4,0
50,17148.0,68,New,80,1
57,40590.0,258,Regular,30,1
50,30560.0,31,Loyal,6,1
43,32146.0,66,New,16,1
62,41713.0,174,New,57,0
51,34176.0,28,New,9,0
71,58482.0,731,New,59,0
61,59686.0,274,New,78,1
62,60896.0,1701,VIP,90,0
46,62994.0,312,New,74,0
69,47320.0,414,Regular,10,0
77,74859.0,1565,Loyal,63,0
34,15253.0,29,Regular,13,1
52,31560.0,94,Loyal,98,1
72,72071.0,1338,Loyal,4,0
36,91172.0,1092,Loyal,94,1
42,90000.0,1479,Regular,91,1
45,41967.0,54,Regular,66,1
61,69263.0,568,New,14,0
56,65706.0,1199,Loyal,77,0
51,60934.0,873,New,41,1
75,71965.0,1213,Regular,21,0
71,65210.0,731,New,25,0
51,79174.0,2043,VIP,2,0
59,81380.0,1893,VIP,51,0
53,48432.0,424,VIP,3,0
55,52914.0,575,VIP,32,0
71,38946.0,257,Regular,84,1
52,26067.0,56,Regular,49,1
54,44325.0,542,Loyal,69,0
62,42523.0,125,New,96,1
48,26487.0,69,Loyal,23,0
69,53233.0,40,New,18,0
66,67716.0,1016,VIP,8,0
54,76234.0,907,New,21,0
70,84117.0,1566,New,60,0
69,65487.0,1169,New,48,1
54,25224.0,46,New,36,0
43,89616.0,1644,Loyal,36,1
55,40851.0,59,Loyal,63,1
79,27469.0,17,VIP,2,0
69,82347.0,1853,VIP,38,0
69,73803.0,1528,VIP,61,1
74,8820.0,35,Loyal,52,1
52,43322.0,141,New,25,0
53,55593.0,546,Regular,63,1
72,50501.0,500,Loyal,10,0
51,37085.0,61,New,65,0
36,16185.0,106,Regular,71,1
57,57731.0,704,VIP,0,0
53,48432.0,424,VIP,3,0
48,73807.0,849,VIP,88,1
36,18929.0,85,Loyal,15,0
58,35893.0,199,VIP,80,1
46,61014.0,1147,VIP,17,0
72,32144.0,54,New,76,1
63,14918.0,43,VIP,52,0
63,45146.0,53,Regular,28,0
71,41769.0,521,Loyal,31,0
45,88325.0,1623,New,42,1
76,38054.0,45,New,24,0
31,80617.0,1435,VIP,42,0
50,5305.0,32,Regular,12,0
72,36807.0,16,VIP,88,1
43,28427.0,52,Loyal,67,1
78,82032.0,1234,New,54,1
48,22775.0,15,Loyal,40,1
41,40101.0,415,VIP,73,1
47,58025.0,470,Regular,81,0
44,75777.0,1438,Loyal,12,1
47,7500.0,53,Loyal,7,1
63,33562.0,51,New,33,0
56,57642.0,679,New,24,0
58,58554.0,586,VIP,55,1
47,63777.0,653,Loyal,87,1
64,57967.0,468,Loyal,39,1
48,51381.5,1679,VIP,53,1
54,24434.0,50,New,9,1
42,11012.0,84,Loyal,82,0
56,44802.0,1049,VIP,71,1
40,26816.0,22,VIP,50,1
49,666666.0,62,Loyal,23,0
52,34421.0,30,Loyal,81,0
59,61223.0,1341,Loyal,46,1
80,64014.0,444,New,56,1
45,56981.0,1241,New,91,1
70,69245.0,843,New,8,0
72,52869.0,172,VIP,40,0
